start,MB,SO,SB,SS,CM,DC,BP,GP,24,16,CC,PL,MT,EM,AS,BK,NB,EP,EN,RM,OW,12,19,MA,RR,OR,LF,WC,PH,CN,NC,WP,LM,FV,CL,OA,SL,BF,CV,WD,ED,HY,SH,UC,FM,WS
MB,1084.69961803,10604.9304357,1438.04264471,1300.1331792,2310.7757435,5839.48872717,4053.05773056,3313.96278464,6818.10777009,7707.55564446,14642.5642931,23320.7497433,22383.0427164,19757.9704964,875.990261751,4941.46453969,936.728828756,707.437270985,1213.83202994,659.565243992,708.869985123,2777.98020452,2094.27726737,1338.80972619,925.14574672,310.035658665,404.197656575,792.873839009,632.604488494,681.560742766,242.514151689,868.429404393,486.049864635,786.023269403,1160.9493607,21.3705882353,460.147942048,300.314789648,159.263877608,200.835284066,528.415128061,313.852214091,192.335074987,213.249089971,245.116055513,0.0
SO,13046.802653,1612.04962406,1958.98812204,1471.14480519,3275.59017866,6466.95149438,3663.35375203,3943.77670312,7785.84536475,8818.44507928,20938.5421394,53058.5427157,15632.2551673,16942.2915383,2191.84145122,7923.55945278,3115.96948454,1983.8602777,2682.31391916,1165.67621393,2105.63173241,3636.86457655,2455.5340383,3588.26839961,4613.81520043,2235.72359642,2879.1405298,5082.10080348,4530.36178749,2942.3715043,1391.99479045,3409.51162331,1084.13425878,1872.68100063,1683.6972994,97.3787925697,1169.17845148,711.181710962,658.525819227,1408.39401378,4088.00614102,669.72534947,380.405857558,841.248034525,1754.702326,0.0
SB,1380.22867262,1570.96112541,371.704605096,1205.25577781,2071.20870224,4438.85642984,4578.68178736,2293.67745031,4720.50932679,4261.75689156,8274.34733223,11954.4214205,10951.6698772,9503.5430689,303.970427405,1072.36155764,254.498218809,257.214858671,949.983008323,628.670771849,639.91819053,1471.39948132,908.490333454,644.366157372,323.701218286,132.111908113,222.050503264,476.014042459,538.272150966,677.65522161,187.612764532,1027.24274188,348.210107488,705.898591398,972.147978234,5.84520123839,389.864969911,446.169586399,137.801985579,104.676997306,392.698231541,418.50086245,227.548564593,180.22911691,265.285613097,0.0
SS,1385.97098897,1264.5854067,1202.95802005,341.648681865,516.787169126,1773.62877984,1948.71814295,1055.99143983,2887.61428839,3027.00716698,7129.06096123,11935.2158015,12537.3745493,10163.6307131,193.170363073,746.233707263,146.879344082,211.948458044,638.384849155,290.668735341,312.471571308,1349.56056719,971.490965381,363.620659268,197.495518877,92.7890890327,140.704237197,405.375666439,408.15834305,448.947925295,174.375795773,686.302139708,216.958373206,375.757794888,663.822071221,9.49303405573,276.155601571,252.77873963,85.2006707946,104.431800088,359.395323871,199.050563575,194.091665661,170.709283235,180.062292094,0.0
CM,2345.71697894,2933.33478214,2146.08040824,479.022598609,336.259109002,1279.76808599,3150.02145538,1662.50356439,4345.6565766,4195.33399743,9675.05498037,16222.7642254,15914.0821512,12499.397936,269.292254031,805.253702438,243.610478737,200.896643346,896.930882688,413.629484808,322.137181188,1813.40325077,1021.92003739,551.083681128,168.080979186,113.10441143,133.529289802,507.993567475,376.719570316,572.829175881,164.636952676,851.025658397,203.117793146,446.003135513,596.525804484,6.11857585139,235.76345275,333.001292,92.9093267929,100.513552598,408.513011808,217.412074303,155.340577379,191.438028226,284.05737271,0.0
DC,6106.2031583,5265.49151488,4586.05270194,1822.10429148,1295.33223299,849.940722126,3334.37452321,2148.54438838,9520.95248817,9869.38615121,18469.0586272,43069.2847875,30651.539479,23805.195801,1057.52185343,3993.72818209,925.870682053,1004.79634782,2751.53264646,1430.42365204,1396.90988434,3385.03269135,2672.04399904,1965.24016525,973.149000844,491.097548014,570.646132041,1466.55161902,1671.6997353,1822.35153995,883.49472813,2203.12432418,2225.72907871,2642.30339619,3528.76555359,40.1476780186,1601.55211156,1689.78550052,793.383763553,1000.48708067,2573.2691086,1053.58978931,918.975288489,1240.10826599,2004.62247196,0.0
BP,4458.44946591,3118.79745487,4900.93842896,2067.93649297,3173.21205688,3726.1787986,1748.90460175,3335.22980647,19288.0717094,19956.7146844,31392.7398563,70731.7946785,55444.2535222,29765.0686221,1043.93412944,3038.33956549,936.363009797,744.919136075,2573.101615,1515.32245453,1780.52871819,3446.5295545,2508.9602643,2194.51721081,987.382048705,292.168043773,348.665869219,835.94456462,795.939853645,1193.13031844,427.671427901,1713.15888853,2064.35044295,2558.2800638,2264.65638026,26.6512383901,1342.309755,1383.44554635,398.797056813,492.935227105,1493.15170748,899.918006916,550.396902685,625.405420637,1121.17283985,0.0
GP,3233.65987361,3045.5190503,2428.67020827,1017.89242759,1723.79907724,2321.04808545,3282.65526785,976.800599091,9323.10986825,11630.7519072,18491.8869151,37482.2488554,30497.3717449,23013.5929014,1108.70587297,3906.71901478,1091.61954552,797.392062375,1701.77305429,986.080975165,1338.90722461,3168.77408494,2938.81930897,1856.68158297,1597.39086955,586.594866176,566.345251498,1127.97456207,1462.94787168,1054.03421723,331.380020908,1450.70806026,1590.89723239,1558.37019822,1965.93203597,45.4046439628,900.296560251,742.892894,376.041941083,560.49822484,1215.89368408,664.13051814,363.195794969,411.018666318,820.421656414,0.0
24,6493.56290861,6029.76096391,4958.17110289,2881.0378158,4189.32468471,9817.16798145,18077.3931875,9439.51073137,1762.18861324,9600.1699094,30388.2322102,60575.0737552,41680.4048959,34547.3787349,4429.42019487,8533.12736587,3347.48772265,1824.28986638,4501.65639634,4178.18583759,5805.77463043,6559.99363047,7461.51048812,7141.10560425,4114.37707906,835.57486631,931.888494632,1803.62911423,1596.16548591,2089.63647689,792.730240039,3013.30083162,4463.07966373,6289.13337086,3995.98726629,89.077244582,2247.95786726,2006.86663048,861.729304545,860.244804525,2112.12943053,1441.80892003,1170.91128021,866.518698484,1593.49649458,0.0
16,7181.84572796,6940.1292047,4215.82287001,2879.60303901,4012.99998861,9753.88857639,17721.7446457,10705.1579242,9281.15023856,1525.2741533,21824.1026584,52266.6588276,28075.1963679,24096.1461247,7075.48164462,11327.0636478,4659.26844719,2736.5009891,4977.76958037,3864.7836684,9260.7766723,8069.06113814,10502.4592263,10873.1467955,6827.89514294,1206.10631659,1437.60523367,2758.78472116,2495.94371892,2310.12722448,1065.14555238,3064.81468243,6793.20359924,7699.54710104,4170.48331926,77.3773993808,2795.35768499,2604.85976975,1364.41925335,1382.97820822,3178.70996743,1896.28588919,1421.66581695,1483.90664629,2795.33662297,0.0
CC,13867.6518207,16575.6380148,8455.71755659,6980.53958627,9397.11314583,18079.9671277,28195.1859006,17007.3384102,32588.6624234,24362.0844176,2668.94388779,10383.5091914,8580.19505716,10545.4566443,12568.7579537,22988.4860587,11541.890631,8026.12674869,14108.8443073,6333.3133462,18615.2320514,19095.505223,20192.8103179,19693.153683,15713.3589039,5144.96385214,6373.63100331,10464.0533084,9661.22631378,8744.95573761,4329.74462225,10064.0073613,13879.8652266,18586.2561182,11769.8882132,224.048916409,8996.98123383,7967.46556163,4940.61070658,5348.88507968,12340.9991563,5755.15375069,4010.94036428,5370.60371584,9665.75344109,0.0
PL,24473.2197512,44759.7995993,13641.5364789,13458.3079966,18814.3905191,48801.501818,86317.3410954,42866.7014006,68926.7035966,57071.9053583,9470.37464785,5268.07989425,4051.6608339,13966.8931674,14009.0343171,38483.105101,14267.7888317,12488.3171049,26646.4510172,11985.5752027,31654.9741727,26748.8561357,22490.4320802,24347.1696212,20395.617174,7685.79553697,9869.51723627,16819.3696387,15111.2285178,13539.0788944,6465.35156474,15848.3911215,21738.0913172,27181.8278088,19724.6093415,462.368575851,16274.779013,15913.4374727,8924.89788174,10074.5352398,23785.3612212,9815.91410746,6923.31340249,10938.4385583,19613.8054588,0.0
MT,19908.8890321,13404.7027455,9884.47629904,10985.2304344,13572.8267681,26202.5511064,31829.9807647,23177.738959,33686.0053221,26086.5136478,8189.10100184,5650.78894965,2855.33461528,2542.71341053,12759.941023,21689.6292771,13544.2133911,10514.1471071,17655.5409862,6290.96473738,24859.8261697,20557.2789708,20210.4985726,18889.1725229,21153.5022215,11085.8470588,13726.7568882,20535.3801998,22287.3052109,14144.3652487,7152.61366987,10945.8609673,15983.9621212,17407.7236876,11807.7540154,270.622755418,11557.4776708,11237.9867155,8141.203553,11086.024812,22688.5608192,7546.894702,5686.29276199,11469.3008618,22002.3058167,0.0
EM,17797.5198692,14090.3954204,9168.35634273,9472.4232761,11896.6242625,22074.9654779,25645.5699148,20058.33308,29933.6976271,23610.2360165,10029.7298574,17432.0323395,2627.20677362,3997.0572742,13232.9468873,27789.1560894,14280.4353316,10281.9938831,17425.0411584,6783.14350783,29803.2324541,21911.9289963,20350.235977,19585.4827336,22668.7575992,13467.1112641,16818.6418252,24123.2505173,24664.6812104,15439.7128597,8175.4563883,12804.3648352,16053.2425998,18035.3864172,14749.6783878,375.095665635,12965.8197439,11776.6491081,9618.41608232,15285.7503036,34092.4923344,8478.34298514,6692.3388116,14016.3804103,28604.0665072,0.0
AS,932.483778296,1783.18157091,331.293466286,164.140462788,266.110382239,1082.10589777,1049.59781204,1200.07952703,4554.67241566,7123.13247289,11512.6696923,12558.0145424,14017.6161889,17248.8739147,539.64666077,10387.3644512,2088.69331484,2552.61882916,4321.01174125,3067.18285352,1326.62791739,6018.47307105,5926.39898275,3371.91206157,569.499981907,255.908887861,357.288097248,759.216288716,556.598566604,707.374714862,161.207024915,853.380015547,2264.40636685,3848.19875491,3698.60559018,115.100928793,1242.2180096,1218.37192714,348.84714661,348.934798896,629.995889456,1236.96366585,625.650779355,876.863903073,1660.89532923,0.0
BK,5017.05645933,6621.04031804,1019.4312077,742.276986584,776.899982577,3823.53014555,2765.73171431,3652.8899622,8282.52668704,11252.7718601,18869.704398,34406.0220297,22487.7451523,34475.0726958,8810.77471821,1380.57785373,5437.74775642,17896.3350529,21578.9538418,10655.68798,2964.16106443,12248.4517403,12408.626744,10723.156712,2104.95447911,1927.25323536,2490.65561765,4186.81469784,3455.87289949,3180.56328187,923.703218608,2636.00634943,5968.99920791,8179.67094675,8063.83089073,579.761145511,4470.12458084,3770.1066865,1303.25578586,1595.73475132,3853.44625735,3541.32016472,1987.69813236,3599.71014703,9808.66170708,0.0
NB,906.380305711,2593.27015802,287.748949915,144.889712919,251.959667216,930.810449251,925.595939045,1067.86750365,3317.59882125,4642.42077185,9869.05077131,12322.183405,12980.1770315,17088.1132323,2002.23202391,5913.11836878,480.953295672,2002.16485197,2898.60492206,2530.40040341,507.294045274,4950.88788214,4697.72120542,2542.30018898,785.873024138,281.359443395,352.599577151,818.201205554,473.268177797,517.815827001,158.985824856,464.826591881,1710.60074049,2241.12575423,2830.63736681,124.052321981,796.850044228,645.905915189,241.813147173,195.620227038,461.431158779,778.975362202,333.4203423,513.110264297,1150.02496683,0.0
EP,715.786309356,1697.95140458,274.018077279,206.320117808,210.654706955,993.313144492,712.574338252,790.030872636,1722.30705909,2494.07902979,7287.99712919,10455.1648433,10906.5628892,12488.2981639,2364.76578746,18275.0619409,2066.06769732,368.926982563,3028.22328549,2897.85256591,501.766800021,5490.06913004,4929.25707987,2896.88367778,1173.17692225,271.307152909,310.758460322,657.797127846,415.72088376,480.100165521,109.706033801,461.114258239,1748.38319663,1739.14847212,2699.85852733,86.0756965944,761.944949942,544.890208811,181.855913179,228.620899843,412.052186616,624.871034538,228.343212309,455.667549221,1289.75253106,0.0
EN,1247.80496026,2299.77220994,915.928704113,603.547800651,862.009278544,2646.00301288,2309.59950411,1482.67469811,4129.14510005,4391.76517832,11746.951489,21589.4621346,17601.3936204,19475.1594883,3939.76366183,21818.6523555,2733.50121226,2757.92120207,528.002892928,2959.18292322,1181.11815367,10074.7394884,7821.55159021,5977.4541407,874.064172463,324.019693619,299.10306515,1159.59729471,529.520044764,996.860013671,198.619148138,1444.86022811,2419.83828488,3734.42437511,6339.50519212,68.5623839009,1743.1700461,1522.14835216,283.152399046,386.628342246,780.711816976,1751.60815408,830.782719499,953.879986061,2038.57191575,0.0
RM,708.565476526,1126.71494512,615.570767159,276.320687414,385.91684492,1525.84818798,1470.783269,925.469776044,3788.16735689,3480.15717904,5553.05215043,10247.8645658,7250.53873588,8008.50137443,3118.40333521,11481.4925489,2674.45455216,3117.14213006,3255.82753676,320.535433504,785.604489164,4099.33157895,3244.99931446,4088.69359629,668.065997212,241.410498171,274.55936432,636.905062791,371.447550025,758.25758715,154.155424658,1234.52867597,1214.84652205,2857.1909942,3024.27567716,24.6049535604,1137.29326592,969.684626004,192.404125286,144.882642435,414.364287055,1132.52541179,515.416566818,519.070191522,1052.05791417,0.0
OW,806.492764666,2299.97702411,709.379244234,323.152230844,344.492914774,1683.14490035,1960.37754748,1522.53738558,6275.1134045,9539.47008363,18396.2024795,30141.0714922,27584.4993788,35310.8329802,1358.67225416,3313.34996381,577.523190329,515.644628282,1265.80958747,804.511790841,521.416175465,2973.31170305,2108.174225,2120.2014984,958.219079115,143.389595647,174.005203517,517.699015587,330.623392036,527.483622827,134.144701326,1177.32227896,1373.4373896,3473.20422849,3705.4268921,24.570123839,1289.08273491,1353.05445298,278.534977819,318.472740005,683.967347513,1076.26787222,403.839700186,310.227377937,670.442601155,0.0
12,2625.96717194,2986.12402128,1437.01280273,1284.09503103,1704.88148245,3270.35116066,3060.13281131,2957.47140512,6335.35390012,7834.3632946,14890.6340852,23510.199157,21769.6562161,27879.980807,6102.75279777,13701.2133536,4954.51644352,5635.10253843,10492.8321037,3934.87439454,2972.86875008,851.021536461,1105.51411818,5611.47400654,4385.23403093,1945.4196514,2547.35500315,4820.52559608,4877.56908113,5601.41978409,2360.86646295,5579.04453446,1035.77646456,5524.35547224,8984.70217053,122.429411765,6246.84297106,6650.02425315,1650.77708375,1738.68256403,3260.7091787,5279.34457601,2794.95732915,3800.11646094,6233.68223232,0.0
19,2087.52290352,2199.90299747,926.426179084,917.915000737,1059.33844236,2658.68390964,2372.92078726,2848.01180156,7718.53037004,10444.3662405,17430.6036957,20681.1753019,21402.5196293,27080.7985304,5915.98759801,13452.4754038,4704.19036495,4993.80433504,7857.45136705,2966.44420275,2044.9184626,1056.33110718,723.994356211,4315.55321794,4490.46287443,1757.9759432,2571.14612735,4585.38631137,4681.79561672,4622.83978127,2229.87211545,4109.77760377,934.611567019,4244.39395816,5742.73684144,95.2179566563,4140.95781968,3933.80553456,1354.45995202,1430.17607186,2830.6735656,3717.81388431,2326.12413654,3157.61082184,5478.99441116,0.0
MA,1356.52422902,3108.83361412,680.833008993,368.519792798,512.040434643,1938.35632061,2010.69927291,1877.20094085,7339.26985981,10819.0109451,17547.6928558,21647.4460436,19992.3053576,23753.0562704,3211.72503451,11526.1933731,2642.97582459,3109.79342876,5998.09364521,3751.406072,2002.86409607,5307.68047324,4217.44289065,644.950742498,2099.60278035,1088.80709863,1261.70628778,2800.83804565,2404.69620173,2666.78534505,898.607768753,4890.82945465,2058.8697097,4994.54414177,6214.53477745,114.484674923,2699.12902242,2995.54593435,643.849539624,605.358130621,1284.65798386,2630.40796175,1251.70442684,1563.67214829,2878.73468564,0.0
RR,889.58288502,3885.22527978,331.551976867,221.216007264,166.12028936,980.356264994,927.4033915,1381.49993031,4080.76607629,6293.70942128,13124.6485297,16956.9383948,19676.8066798,25336.005942,509.183949848,1855.31298232,667.651015239,996.035173495,920.12475641,583.47217375,877.928404568,3814.79670165,4043.99081795,1961.14700454,640.695719915,1969.88909707,2474.92116856,3865.76348156,2591.73365499,2074.33553134,596.662851648,1552.32734845,992.750570276,1501.27790935,2381.75243054,105.12244582,712.809869594,402.778479622,183.546042915,159.308632544,343.832472893,457.1111951,196.937845282,325.987185209,918.856130969,0.0
OR,321.860425797,2026.47402061,136.66808599,98.7961662177,109.072323188,497.666972243,255.191039095,465.61899803,798.075086781,1190.8392378,4391.63107434,6705.68009328,10241.1717482,15137.9363274,215.126616005,1861.68141812,284.767323389,257.39639138,292.464177154,265.544306622,125.637490786,1834.16621902,1755.85998687,964.630329835,2017.53277043,338.043368448,482.457926233,1091.42681905,799.850074384,1194.30140123,169.225321325,749.202445284,286.577007358,698.841083323,1411.20400801,36.699380805,193.870462252,177.451258494,43.4859876965,32.7813417233,62.7712235133,121.502821894,61.6770167397,134.051961454,288.091205286,0.0
LF,396.514445874,2470.27874901,209.717023843,151.695138247,140.825376275,524.907796899,346.114986665,471.160678434,904.091864018,1375.17715277,5734.56329862,8554.29407744,12716.2854121,18916.967312,317.445876054,2452.59441786,354.598236902,280.739006607,320.030135499,250.695666305,159.514019675,2492.17761717,2488.78254728,1176.75126922,2480.16955423,524.482941981,414.796196373,2025.64362913,1322.17086567,2737.57884953,366.03794647,1092.29678608,323.612670714,623.160296463,1939.53814751,55.6399380805,244.173097852,193.105534558,50.7217368287,46.4377534746,81.0509522469,193.751925938,95.2075389007,101.959708764,334.451495718,0.0
WC,768.200332382,4327.89653613,475.699819737,403.692060365,515.626198518,1440.1934884,813.23019313,1147.27724927,1768.37235937,2497.14366665,8798.96794861,14734.3404635,19635.7175439,29026.3988038,716.091068581,4037.44321365,776.867319368,655.72696179,1097.70574096,567.350715023,467.571087478,4448.09319086,4451.58559902,2507.16871524,3852.72136156,1126.44454586,2077.96893169,634.09456395,3603.20409982,7854.68189793,1271.78799941,6030.92816533,772.325876858,1141.96807795,3235.26444855,98.5620743034,549.22631713,460.040953319,165.492024848,140.991701848,238.352102851,568.605498372,226.489253883,340.573780038,737.902491523,0.0
PH,631.376239395,3777.92238551,535.257218581,416.573564258,394.848680525,1642.09860815,725.706366183,1005.33764625,1522.26097195,2365.62637342,8454.71732875,12793.9793595,22771.8652319,30534.7844364,525.808846314,3525.00472103,505.860092745,416.970434107,527.194901693,320.930268184,322.685713616,5025.98591599,4845.91313779,2368.61806254,2611.90591452,870.21474743,1546.86644419,3751.89969576,582.971166553,2713.19350113,717.025382976,3349.73728707,571.200748529,688.839679412,3053.31523059,104.06130031,497.473365901,343.260251565,111.16549864,153.692001394,189.289863027,467.598025143,189.714988675,309.258276038,890.915516733,0.0
CN,646.23401284,2622.50660341,672.484788844,441.830962433,568.598234222,1794.88762883,1104.83591599,963.126953078,1939.35294788,2142.95162639,7509.62679895,11095.3591727,14974.3127002,18652.7596592,644.668699154,3215.66205688,499.641422406,471.400631257,1001.45282457,689.784020881,476.218125528,5431.66738236,4637.62096552,2638.22839117,2042.41500007,1243.25964912,3282.45241178,8856.13526195,2594.48922775,577.576798949,1204.27678823,9483.20581601,719.45328428,1401.52202163,2957.5670607,66.9417956656,882.0968799,671.065593797,170.324902497,219.792691622,355.753592537,656.771813223,338.68735274,433.769368609,906.183870773,0.0
NC,227.524290673,1288.27360246,190.323990457,187.179588678,173.792232587,923.367561953,415.300897967,338.596969027,800.349832469,1012.58560237,3821.30390884,5785.34031134,7607.40729632,10057.4749119,165.5722803,982.591404983,173.549427044,120.813145162,195.615304974,149.584351252,125.40236621,2436.79218568,2373.97853122,886.456034471,506.468545696,207.411067776,348.651709488,1316.14488092,639.804552826,1295.52222066,219.637187219,1593.32175291,295.947979575,275.691132242,1338.41523595,24.1558823529,200.956098133,153.473150791,45.8215880611,53.9168951791,66.7983280393,260.42776996,88.6979018402,121.179544449,279.578868294,0.0
WP,829.549647515,2943.51655878,1010.44276869,625.751302722,832.41076488,2113.41387091,1530.59900285,1278.57783094,2646.58476539,2873.42321043,8399.73135647,13341.9146596,12292.5872864,15298.2573942,839.42702009,2537.8396392,448.729045877,427.806804444,1302.95735462,1101.66048544,1071.24989613,5388.82318564,4054.52803533,4368.39679949,1333.97570531,645.705398523,1179.3271568,5987.42387989,3024.67812848,9290.28846783,1411.70971345,791.223906692,1058.64853913,1891.59128704,4329.78102945,56.2566563467,1068.49615215,900.174686717,193.047354348,261.912462976,411.944693954,1228.73873253,534.936269819,524.614679747,1272.35017423,0.0
LM,572.504434214,960.558068299,428.402381623,248.723723078,250.997515178,2172.34634581,1905.21143165,1405.14670031,4022.81482382,6306.98866283,11428.6680605,18327.1105082,17062.4388766,19370.8070303,2187.56708885,6345.86941552,1754.54528031,1728.40464999,2477.70799526,1203.02010441,1091.53800477,1049.61196038,1055.20366826,2118.62158203,1020.80026671,256.185234477,323.679674454,734.185893879,516.920915926,616.118145631,291.846182971,957.732145203,453.049367402,4545.95158752,6569.29812633,68.4786377709,6283.30795706,6004.45422715,2564.04279415,1905.22678086,3635.94264404,3430.88875732,1914.71303392,2487.01237921,3616.35931339,0.0
FV,863.732523153,1442.96917896,724.977075711,382.482771769,397.427051586,2744.85437323,2320.76257087,1512.78306595,6364.80033707,7345.16507579,17043.2867275,23019.9493098,19104.3019507,21481.0986249,3699.16784609,8275.90939448,2157.10760926,1612.53685551,3937.61806589,2839.54577017,3430.47496951,5234.5903482,3939.51792315,5017.9031,1561.13722475,644.840491603,624.84004128,1065.62990029,674.091144975,1357.53659148,274.021159181,2005.47342487,5098.69349108,672.111514079,9621.83262032,38.9222910217,6353.62412783,8257.53670741,1805.1616481,1808.91514883,3260.20614102,6321.37266696,2687.77195998,2282.34611596,4327.71598515,0.0
CL,1152.99570584,1455.31978275,987.996684224,662.890537842,523.471858791,3583.36562261,2208.964277,1984.21737633,4171.24203892,4172.18540335,10150.5630225,18267.9062851,12467.8929583,16724.8349135,3671.85931071,8854.4728164,2988.47349255,2768.20995738,6149.56001233,2971.38904681,3598.0957628,8477.49264538,5402.97510688,6391.53942275,2601.78754306,1374.48652916,1927.36744535,3363.99737512,3080.14523675,3023.98253522,1265.45401472,4435.13404903,7369.27333642,9752.63425744,666.018450538,365.114593301,7490.7831658,9180.49388109,3935.24955973,5409.97070685,13653.0385389,7128.28193411,3522.90795639,4790.99359361,10320.4338708,0.0
OA,34.0908668731,81.3633126935,12.3681114551,13.0729102167,7.70990712074,52.239628483,36.2781733746,58.1113003096,118.118111455,98.5826625387,252.40495356,510.890712074,325.884210526,489.616563467,145.519195046,583.494736842,159.447058824,118.290557276,118.809752322,28.7075851393,39.9495356037,138.683281734,130.770278638,171.284520124,129.353560372,56.7342105263,82.2633126935,159.273993808,169.214551084,104.241176471,35.8631578947,82.5753869969,120.664396285,63.6770897833,247.92244582,79.0502955249,40.3625386997,30.4704334365,39.1318885449,108.494427245,228.207585139,56.0678018576,27.1385448916,62.7181114551,123.367337461,0.0
SL,446.507953708,915.653646818,416.495562436,278.212298125,221.285633201,1533.10151515,1232.31356332,828.416080308,2136.82046091,2630.42730288,7541.11405452,13787.3239824,12158.1299814,15704.2515755,1222.64208315,4429.83932559,764.871801161,706.495235415,1561.67160951,1040.12727206,1242.48670406,5923.44709099,3848.36561122,2490.8673904,618.701499739,188.360067951,270.834197794,536.704596384,462.262064922,831.019093858,201.177698256,1084.01735757,6376.46681409,6242.97982121,7241.30099782,27.3250773994,395.260780963,3770.16689585,1395.90771715,1585.13765229,1862.01905365,4441.42577768,1844.89751116,2093.11711364,3135.01563937,0.0
BF,302.69090373,610.654818195,454.956570571,255.313072119,342.013767038,1717.67599547,1224.43435728,695.980437055,1988.69753863,2456.16599252,7036.48648962,13771.6543303,12318.0521652,14290.3242779,1167.25217857,3871.89405197,670.741528956,599.518885449,1537.7703175,975.202927104,1307.32807085,6399.38248496,3579.3342447,2826.22856205,407.573497246,147.556045193,174.276904159,488.626254138,289.112762521,712.388272151,147.908816828,993.989338989,6296.8511754,8116.12854931,9158.68978797,23.5,3942.6406397,477.506755525,2323.73137992,3864.70764411,4882.9792831,5608.18629193,2770.68862129,3618.2094387,6119.98970555,0.0
CV,132.343999705,473.504491174,129.945090668,104.973027489,85.9997734979,785.487441197,367.359219573,340.015246673,897.95478871,1350.976486,4428.07083819,7674.64736172,8519.23420383,11388.1777344,319.715170279,1334.4832308,251.978247088,182.197031348,271.835407369,188.117232252,272.855259137,1606.82012585,1303.7593221,629.18514267,182.942104593,41.7587062576,64.6567856808,197.774151957,107.823352499,180.061861204,47.2530155603,223.192281506,2628.53388351,1866.71885462,3946.46212322,21.4569659443,1333.18337153,2062.75117808,246.693806039,3284.91361693,2967.20921555,858.215053007,539.861743262,619.106414432,942.628834788,0.0
WD,185.737854663,1049.09902095,103.737262943,115.106468042,92.8784374037,970.651042714,465.758901934,503.430177047,836.849431734,1245.53741372,4640.23308606,8782.80724204,10653.4739348,17066.3750915,304.950186295,1519.28689639,185.34730945,212.304079718,353.029938483,142.203640786,289.371893638,1679.25937705,1358.02950893,559.333702572,140.008121239,22.2499658237,46.3623323013,144.064064573,123.35823315,196.36001099,40.6231018723,256.254768606,1870.26854771,1733.733915,5173.57140244,72.5371517028,1510.63190664,3606.26885663,3083.05285808,484.046487207,1143.94401177,1411.26257623,697.2850388,699.136585448,1056.01435206,0.0
ED,495.575277767,3178.19136142,393.042982456,389.11883586,414.026360688,2540.54861619,1362.30871229,1104.0942959,2234.31848672,3156.82817203,11424.9802957,21645.8421113,23008.3620884,39906.2229752,604.398076073,3853.80604653,444.916674708,431.503672282,793.278549314,375.688490612,670.848677844,3279.30244595,2794.45832094,1260.12328884,307.502955249,78.6094159195,82.7957621326,220.791969898,192.24057872,346.782807956,65.2305516465,414.792210473,3782.97704891,3150.82801657,13990.3304371,156.323219814,1860.155684,4767.12677415,2719.53704716,930.310130942,1315.52262005,1787.40274483,954.178603595,1353.67126573,2558.63651374,0.0
HY,291.964502165,533.588219211,373.300767963,200.330199161,212.983887526,1015.70996408,776.179598729,600.711724498,1490.21418587,1894.674095,5223.99334499,8516.86037286,8308.04805664,10234.2302876,1214.1449285,3617.04518583,779.45139788,600.218744053,1678.06953413,970.116367791,962.999850562,5278.67260799,3528.12259995,2489.38434656,499.993640518,133.167421227,206.918425073,517.077152775,484.328400547,686.316332275,226.286521116,1209.81640599,3618.7854918,6339.01784475,7082.15939179,39.0523219814,4433.94481592,5195.21252731,917.713139801,1399.10429684,1772.49141839,447.148158498,2825.34866444,4507.78395789,8010.17894402,0.0
SH,163.800999156,330.385007974,214.334753997,174.661778778,151.868640183,925.549334566,547.734260116,306.799155643,1153.56096994,1429.33096645,3656.52729149,6077.16440768,6275.25857357,8124.69148808,647.247462909,2042.12882675,297.271545173,228.100650021,756.259927895,515.00581199,405.03272151,2973.64117044,2383.48516076,1305.82618042,211.575811186,56.7858891882,97.9886514414,253.006516961,206.092870545,364.76490759,81.4986309356,556.049229357,1993.20411456,2768.65745849,3705.29885342,15.710371517,1959.80791216,2734.19132993,526.159809283,760.803329849,955.062590969,2975.94568842,302.332812647,1897.7708918,4428.84075697,0.0
UC,162.913494297,616.231448273,211.634893383,164.399388176,182.307041668,1175.34624797,601.830036321,373.126356667,885.457505395,1410.48690175,4948.16467372,8968.47020827,12183.0352646,15993.1796892,767.006217415,3609.53249836,494.295453205,420.645650892,921.689329607,472.003953735,326.527928109,3819.43663571,3064.89407677,1515.30678769,307.731258628,121.416211652,107.447785909,334.826758742,326.481901947,425.364348706,125.502144398,531.674962138,2448.42128516,2227.26370539,4758.66936124,37.2481424149,1963.18389088,3446.7977772,606.611260102,768.889173468,1396.9794131,4540.08492019,1823.04480117,524.880271534,4779.70325278,0.0
FM,200.602246257,1272.35962835,216.82163832,165.023225845,247.480104003,1846.40316768,1001.43973905,788.767216839,1629.36338306,2788.98119564,8877.27955249,16681.0360902,23008.6482222,32848.6188506,1582.9770603,9511.41998378,1113.9910659,1216.65421106,1997.95956938,986.680234007,585.963789152,6230.78642462,5357.04010226,2707.72002198,890.308347071,302.652210071,332.481292804,720.476167022,858.042259392,884.985292107,279.03288368,1262.40110772,3681.79865372,4021.56842239,10422.5905097,84.1102167183,2970.40947891,6035.55636618,926.550076394,1091.05216852,2565.10963438,7692.67298594,4120.05113318,4608.92723587,1269.71942892,0.0
WS,0.0,0.0,0.0,0.0,0.0,0.0,0.0,0.0,0.0,0.0,0.0,0.0,0.0,0.0,0.0,0.0,0.0,0.0,0.0,0.0,0.0,0.0,0.0,0.0,0.0,0.0,0.0,0.0,0.0,0.0,0.0,0.0,0.0,0.0,0.0,0.0,0.0,0.0,0.0,0.0,0.0,0.0,0.0,0.0,0.0,0.0
